,product_id,product_title
0,2128457892,"Apple 애플워치 SE, GPS, 실버 알루미늄 케이스, 화이트 스포츠 밴드"
1,2004420920,"[쿠팡 직수입] 샤오미 미밴드 5 한글버전, 블랙"
2,234431834,"베이스알파 에센셜 남성용 스포츠 스니커즈 양말 10p, 화이트"
3,2298101166,"갤럭시 핏2 스마트밴드, SM-R220N, 블랙"
4,1760932212,"[쿠팡 직수입] 헤이로 헬로우 솔라 스마트워치, LS05, 혼합색상"
5,1867517431,"아이엠 쿨마스크 5매 SET, 혼합색상"
6,1343373066,휠라 오크먼트 TR 운동화 1JM00801_125
7,1910733296,"삼성전자 갤럭시워치3 45mm, SM-R840, 블랙"
8,4327842161,"[쿠팡 직수입] 샤오미 휴대용 에어펌프 MJCQB01QJ, 블랙, 1개"
9,251289723,"[쿠팡 직수입] 샤오미 체지방 체중계 2세대, XMTZC05HM, 혼합 색상"
10,4830734869,"[쿠팡 직수입] 샤오미 미 워치 라이트, REDMIWT02, 블랙"
11,234431816,"베이스알파 에센셜 남성용 스포츠 커버 양말 10p, 블랙"
12,169554834,"Apple 애플워치3, GPS, 실버 알루미늄 케이스, 화이트 스포츠 밴드"
13,1546553167,"나인에프엑스 스포츠 쿨마스크, 수퍼에이트 블랙"
14,1444714113,잘빠진 여성용 데일리 트레이닝 상하의 세트
15,293172333,"삼성전자 갤럭시워치 액티브2 알루미늄 40mm, SM-R830NZDAKOO, 핑크 골드"
16,263146304,"[쿠팡 직수입] 샤오미 스마트 체중계 미스케일 2세대, XMTZC04HM, 화이트"
17,1825816060,"힐링쉴드 애플워치4/5/6/SE 40mm 호환 프라임 고광택 액정보호필름, 2개"
18,1445439468,"브리즈 남성용 장목 등산양말 10켤레, 랜덤발송"
19,245670231,"앳플리 스마트 인바디 체중계, T8, 흰색"
20,4702806339,코멧 알루미늄 접이식 캠핑 테이블 대형 블랙 95x55x50cm
21,4529588116,"엑스킹 근력 유산소 전신운동 가정용 로잉머신, 본품"
22,113216413,"올리빙 도트 아이스박스, 민트, 21L"
23,1514391272,"언더아머 언디나이어블4.0 더플백 1342655, 블랙(001)"
24,1421838263,"디씨네트워크 애플워치3/4/5/6/SE 밀레니즈 루프 밴드(38/40mm 호환 가능), 실버, 1개"
25,338522765,무로 남녀공용 다이어트 스퀴즈슈트 상의
26,2273382744,잘빠진 여성용 컴포즈 밴딩 일자 팬츠
27,1633628457,"코멧 스포츠 풀업밴드 중, 퍼플"
28,2050645873,"홈플래닛 스마트 체지방 체중계, 홈플래닛 스마트 인바디 체중계, 화이트"
29,5160193868,"자외선차단 햇빛차단테이프 골프 패치 기미패치, 골프패치 1BOX"
30,293172436,"삼성전자 갤럭시워치 액티브2 알루미늄 44mm, SM-R820NZKAKOO, 아쿠아 블랙"
31,172134037,"코멧 NBR 16mm 요가매트, 네이비"
32,1395654124,"푸마 남성용 스니커즈 스포츠 양말 6족 PUE31015C, WHITE"
33,2280522456,"케이안 애플워치SE 40mm 전용 쉴드마스터 액정보호필름 풀커버 전면 3p + 후면 심박센서 3p, 1세트"
34,201952451,"지라프 3 in 1 가스 비비큐 그릴, 혼합 색상, 1개"
35,172134008,"코멧 EPP 폼롤러, 블랙 그레이 (60cm)"
36,2321803378,[더빅보스] BS-RB 스판 아이스 트레이닝 남자 밴딩바지 작업복 바지 빅사이즈 냉감 쿨 소재
37,5150400206,"썸머테크 쿨링 넥커버 넥게이터 여름용 냉감 스포츠마스크, 블랙"
38,172134026,"코멧 NBR 10mm 요가매트, 그레이"
39,293472681,토마토팩토리 여성용 무지트랙 조거팬츠
40,1164408651,"베이스알파에센셜 쿨러백, 그레이, 25L"
41,1395650683,"푸마 남성용 논쿠션 쿼터 단목 스포츠 양말 6족 PUE31011C, 6개, WHITE"
42,1435729511,"나이키 드라이 헤어밴드 AC4400-010, 블랙"
43,1079386660,"이고진 8320 스텝퍼, 블랙핑크"
44,4841306229,휠라키즈 아동용 디스럽터 2 KD 운동화 3GM01089D
45,1910733270,"삼성전자 갤럭시워치3 41mm, SM-R850N, 실버"
46,306146810,"코멧 스포츠 라텍스 루프밴드 5종 세트, 혼합 색상"
47,2330911485,"셀버 반반 투톤 여성 골프 스타킹 골프양말 골프웨어 여자양말 스포츠 자외선차단 슬림, 스킨블랙"
48,1535835666,"ilikemall 남여공용 골프모자 타이틀프리사이즈 캡 볼마커포함, 블랙"
49,2160868446,"이고진 프리미엄 조립 아령 덤벨 세트 블랙, 23kg, 1세트"
50,168404703,"타이트엔드 스포츠 마스크 ES6, 블랙"
51,161844125,"아리프 파스텔 요가링 하드타입, 핑크, 2개입"
52,4775974471,상상그이상 여성용 쭈리 면 레터링 맨투맨 조거 팬츠 세트
53,4830721563,"[쿠팡 직수입] 샤오미 미 워치, XMWTCL02, 블랙"
54,172134024,"코멧 EVA 편안한 폼롤러, 남색 (91cm)"
55,1826180649,"힐링쉴드 애플워치4/5/6/SE 44mm 프라임 고광택 액정보호필름 2p, 1개"
56,1566159219,"무로 바라나스 마사지릴 + 운동 매뉴얼, 블랙, 1세트"
57,1952060301,휠라 디사이퍼 운동화 1GM00828
58,1159464501,"힐링쉴드 애플워치4/5/6/SE 44mm용 프라임 고광택 액정 보호 필름 2p + 심박 센서 필름 2p + 외부 필름 2p 세트, 1세트"
59,1343370164,아식스 조그100 운동화 TJG138-9090
60,1624155002,"원아더 냉감 스포츠 풀콜드 헤드밴드 2p, 블랙"
61,4841413393,"숀리 엑스바이크 오리지널 G1, DP-652-G-1, 블랙"
62,207463706,"코멧 머미형 사계절용 침낭 220 x 80cm, 미드나잇 블랙 R, 1개"
63,1082864655,"무로 바라나스 마사지 싱글볼 2p + 듀얼볼, 블랙, 1세트"
64,4536849320,"나이키 스우시 스탠다드 쿠션 크루삭스 L NCSDCR20L-3, 화이트"
65,1238419556,"나이키 브라질리아 미디움 백팩 BA5954-010, 블랙"
66,2172796727,"허니키니 떨어지지 않는 스마트 훌라후프, 1.6kg, 퍼플"
67,1722037315,"나이키 브라질리아 더플백 BA5961-010, 블랙"
68,1540038879,"K2 심리스 쿨토시 2p x 2세트, Black"
69,2317706138,나이키 다트 12 런닝화 MSL M 831533-001
70,232768975,"디씨네트워크 갤럭시 프론티어/기어S3/워치3 22mm 무광메탈 스트랩 (45/46mm 호환 가능), 블랙, 1개"
71,2039282840,"나이키 스우스 캡 모자 레거시91 테크 볼캡, 블랙"
72,246609967,"나이키 브라질리아 더플백 미디엄 60L, 블랙계열"
73,1952060643,뉴발란스 운동화 CM878WYW
74,1955306724,"아리프 세이프락 풀그립 문틀 철봉, 혼합색상"
75,4539254836,"아디다스 양말 남자 여자 크루삭스 중목 장목 흰색 쿠션 스포츠 양말, 아디다스 남성용(250~280)"
76,4698969080,바야밴드 클로그 공용샌들 205089-066
77,275937854,"카즈미 아이언메쉬 피크닉 테이블, 혼합 색상"
78,1633628127,"코멧 스포츠 풀업밴드 강, 그린"
79,144031151,"타이트엔드 M4 스포츠 마스크, Black"
80,205054028,"네파 쓰리라인 쿨토시 2개입 3세트, 블랙"
81,1183695921,토마토팩토리 여성용 두줄라인 조거팬츠
82,102581032,"나이키 테크 힙 팩백, 블랙"
83,1365278951,"캠핑 접이식 화로대, 1세트"
84,4655315139,"아리수 캠핑 그리들, 1개"
85,1584196384,"여성 리본 콜프 차양모자 리본모자, 블랙"
86,319881424,"버팔로 산들 배낭 18L, 블랙"
87,5184028984,[강정윤]여성 봄 가을 고탄력 골프타이즈스타킹(UV차단)
88,4824150805,"나이키 스몰 더플백 가방 41L 용량 + 볼펜, 블랙"
89,1387035780,골프 까스텔바작 남자 여자 볼가방 예쁜 파우치 고급 클러치백
90,1345408382,[정품] 크록스 바야밴드 클로그 (205089-126)
91,1819294750,코멧 스포츠 EVA 마사지 폼롤러
92,267943909,윤코코 여성용 레이어드 반팔 트레이닝 세트
93,1594693970,"르플렉스 자외선 차단 남성 여성 스포츠 연예인 패션 골프 마스크, 화이트"
94,5090792970,본사 남녀공용 바야밴드 클로그 205089
95,1332295769,[크록스] 크록밴드 클로그 샌들 스쿠토 멜론 여자 11016-1AS 여름 물놀이 여행 슬리
96,2138974311,"아름다운참숯 캠핑용 불멍화로대, 1세트"
97,4770900777,골프 스윙 연습기 비거리 증가 자세 교정기 엑스다운
98,194679479,"코멧 클래식 논슬립 아령 2kg, 2개, 블랙"
99,315993880,"무로 바라나스 종아리 마사지 요가링 2p + 운동 매뉴얼, 혼합 색상"
100,1164492759,"이고진 접이식 헬스사이클, LP125, 블랙"
101,1306899493,"이고진 치닝디핑 EX30, 혼합색상"
102,102671763,"스위스마운틴 자외선차단 모자, 그레이"
103,28624680,"타이트엔드 러닝벨트, 블랙"
104,4667084763,휠라 스키퍼 운동화 1RM01154_234
105,144935891,"스위스마운틴 캠핑 충전랜턴 5400mAh, 회색, 1개"
106,161853279,"이고진 줄넘기 선수용, 혼합 색상"
107,2348545656,골프티 코인티 5P 슬라이스방지 비거리증가 드라이버손상방지 기능성
108,169554773,"Apple 정품 애플워치 3/6/SE 밀레니즈 루프, 실버, 42/44mm"
109,3630213,"패스트캠프 베이직3 원터치 텐트, 올리브그린, 3~4인용"
110,2305714988,"MQUM 남녀공용 스판샌드 골프모자 볼마커세트 케이스포장 GOLF, 블랙"
111,306146801,"코멧 스포츠 싱글 마사지볼 + 땅콩 마사지볼 세트, 퍼플, 1세트"
112,135720842,"마운틴이큅먼트 ME 와이드 캠핑 체어 세트, 네이비, 2개"
113,194679439,"코멧 클래식 아령 5kg, 1개, 블랙"
114,4564069611,휠라 슬릭텐더 스포츠 슬리퍼 1SM00564D
115,5195865485,"2021NEW 네파 손등형 쿨토시 7HCEB29, 손등형_블랙"
116,4704643400,"프로스펙스 남성용 스포츠 논쿠션 중목 양말 D타입 6p 세트, 화이트"
117,4854912614,[올포유]여성 프린팅 포인트티셔츠 AWTRI5R62-819_G
118,1675344733,"캠퍼필드 오픈도어 폴딩박스 포켓 세트 + 캠핑 스티커, 티크(상판), 블랙(박스)"
119,2119263866,바디플레이 여성용 준앤윈터 스포츠 브라탑
